{
  "audio_source": "tmpu__8jqkl.wav",
  "duration_seconds": 4.433333333333334,
  "total_frames": 133,
  "sample_rate": 44100,
  "frequency_range": [
    20.000000000000004,
    8000.000000000004
  ],
  "num_frequency_bins": 381,
  "resolution": "1280x720",
  "frame_rate": 30,
  "generator": "SYNESTHESIA 2.0",
  "ai_overlay_enabled": false
}